policy_id,policy_name,category,text,sentiment,clean_text
1,National Education Policy,Education,The new education policy provides students with better learning opportunities and modern educational facilities.,positive,the new education policy provides students with better learning opportunities and modern educational facilities
2,Digital India Initiative,Technology,The digital initiative has made government services easier and more accessible to citizens.,positive,the digital initiative has made government services easier and more accessible to citizens
3,Ayushman Bharat,Healthcare,The healthcare scheme provides affordable medical treatment to millions of people across the country.,positive,the healthcare scheme provides affordable medical treatment to millions of people across the country
4,Skill India Mission,Employment,The skill development program creates opportunities for young people to gain industry relevant skills.,positive,the skill development program creates opportunities for young people to gain industry relevant skills
5,Swachh Bharat Mission,Environment,The cleanliness campaign has improved sanitation and encouraged citizens to maintain cleaner surroundings.,positive,the cleanliness campaign has improved sanitation and encouraged citizens to maintain cleaner surroundings
6,Make in India,Economy,The initiative encourages manufacturing and creates new employment opportunities.,positive,the initiative encourages manufacturing and creates new employment opportunities
7,National Highway Development,Infrastructure,Improved highways have reduced travel time and increased connectivity between cities.,positive,improved highways have reduced travel time and increased connectivity between cities
8,Startup India,Economy,The startup initiative supports entrepreneurs and provides opportunities for innovative businesses.,positive,the startup initiative supports entrepreneurs and provides opportunities for innovative businesses
9,PM Kisan Scheme,Agriculture,The financial support scheme provides assistance to farmers and helps improve their economic condition.,positive,the financial support scheme provides assistance to farmers and helps improve their economic condition
10,Ujjwala Yojana,Energy,The scheme provides clean cooking fuel to households and improves the quality of life for families.,positive,the scheme provides clean cooking fuel to households and improves the quality of life for families
11,Education Policy Reform,Education,The policy has created confusion among students and implementation remains difficult in many areas.,negative,the policy has created confusion among students and implementation remains difficult in many areas
12,Digital Service Rollout,Technology,Many citizens face difficulties using the digital services because of poor internet connectivity.,negative,many citizens face difficulties using the digital services because of poor internet connectivity
13,Healthcare Scheme,Healthcare,Some beneficiaries have reported delays and difficulties while receiving healthcare services.,negative,some beneficiaries have reported delays and difficulties while receiving healthcare services
14,Skill Development Program,Employment,The program has failed to provide sufficient employment opportunities in several regions.,negative,the program has failed to provide sufficient employment opportunities in several regions
15,Cleanliness Campaign,Environment,The campaign has not solved waste management problems in many cities.,negative,the campaign has not solved waste management problems in many cities
16,Manufacturing Initiative,Economy,The initiative has faced criticism because expected employment growth has not been achieved.,negative,the initiative has faced criticism because expected employment growth has not been achieved
17,Highway Project,Infrastructure,Several highway projects have experienced delays and increased construction costs.,negative,several highway projects have experienced delays and increased construction costs
18,Startup Support,Economy,Many startups still struggle to access funding despite government support.,negative,many startups still struggle to access funding despite government support
19,Farming Assistance,Agriculture,Farmers have complained that financial assistance is insufficient to cover increasing production costs.,negative,farmers have complained that financial assistance is insufficient to cover increasing production costs
20,Cooking Fuel Scheme,Energy,Some families struggle to afford refills after receiving the initial cooking gas connection.,negative,some families struggle to afford refills after receiving the initial cooking gas connection
21,Education Reform,Education,The government announced changes to improve the quality of education.,neutral,the government announced changes to improve the quality of education
22,Digital Governance,Technology,The government plans to expand digital services to more departments.,neutral,the government plans to expand digital services to more departments
23,Healthcare Reform,Healthcare,The government introduced a new healthcare policy for citizens.,neutral,the government introduced a new healthcare policy for citizens
24,Employment Scheme,Employment,The government launched a new employment and training program.,neutral,the government launched a new employment and training program
25,Environmental Policy,Environment,The government announced new measures related to environmental protection.,neutral,the government announced new measures related to environmental protection
26,Industrial Policy,Economy,The government introduced a new policy to support industrial development.,neutral,the government introduced a new policy to support industrial development
27,Transport Development,Infrastructure,The government announced plans to construct new roads and highways.,neutral,the government announced plans to construct new roads and highways
28,Entrepreneurship Program,Economy,A new program was announced to provide support to entrepreneurs.,neutral,a new program was announced to provide support to entrepreneurs
29,Agricultural Reform,Agriculture,The government announced new measures related to agricultural development.,neutral,the government announced new measures related to agricultural development
30,Energy Policy,Energy,The government introduced a new policy concerning household energy access.,neutral,the government introduced a new policy concerning household energy access
